{"rewards": [9.0, 10.0, 9.0, 0.0, 9.0, 9.0, 0.0, 11.0, 0.0, 0.0, 2.7000003818181852, -1.8408397203722444, 0.0, -1.0, 9.0, 10.0, 0.0, -1.0, -1.0, 9.0, 0.4200137284523979, 0.0, 0.0, 0.0, -1.0, 9.0, 9.0, 8.0, -5.0, 9.0, 0.0, 0.0, 9.0, 10.0, -1.0, 9.0, 9.0, 0.0, 0.0, 10.0, 1.1586691299992111, 8.0, 9.0, -1.0, 10.0, -0.8412489806858243, 0.0, -1.0, 9.0, 0.0, -2.0, 0.0, 9.0, -1.2995522784933433, 9.0, 0.0, -5.0, -2.0, 9.0, 9.0, 0.0, -1.0, -2.0, 0.0, -2.8384448199013335, 0.0, 0.0, 10.0, 10.0, 0.70001307471657, 1.0, 0.0, 10.0, 0.0, 10.0, 9.0, 10.0, 0.0, 9.0, 0.0, 9.0, 8.0, 9.0, 9.0, 9.0, 1.0, 10.0, 9.0, 0.15868108154168592, -1.0, 1.0, 0.0, 9.0, 8.0, -1.0, 9.0, 9.0, 10.0, 8.0, -5.0], "mean": 3.9331729159707525, "std": 4.985159177888217, "median": 1.0, "min": -5.0, "max": 11.0}