{"rewards": [9.0, 0.0, 9.0, 10.0, 9.0, 0.0, 9.0, 0.0, 0.0, 9.0, -1.0, -4.0, -1.5795298924180106, 1.1586691299992111, -2.0, 9.0, 2.0, 9.0, 9.0, 10.0, -1.2995522784933433, 10.0, 9.0, -2.0, 10.0, 0.0, -0.5799196641452298, 0.0, 1.0, 0.0, 9.0, 8.0, 9.0, 9.0, 9.0, 0.0, -0.2999234896621239, 9.0, -1.0, 9.0, 9.0, -1.0, 9.0, 10.0, -1.0, 0.0, 0.0, 8.0, -5.0, 0.0, 9.0, 0.0, 9.0, 0.0, 9.0, -1.0, -1.8408397203722444, -0.2999234896621239, 9.0, 10.0, -2.0, 9.0, 10.0, 0.0, -1.0, 8.0, -1.0, -0.8412489806858243, 9.0, 9.0, -1.0, -1.0, 10.0, 0.0, 9.0, -1.0, 0.0, 1.0, 10.0, 10.0, 9.0, 9.0, 10.0, 9.0, 9.0, 9.0, -0.5799196641452298, 0.0, 0.0, 8.0, -1.0, 9.0, 9.0, -5.0, 0.0, 0.0, -1.0, 8.0, 8.0, 9.0], "mean": 4.208378119504151, "std": 4.992424799476598, "median": 5.0, "min": -5.0, "max": 10.0}