{"rewards": [56.9929988363151, 53.43744328075957, 56.9929988363151, 56.9929988363151, 55.21522105853745, 53.43744328075957, 56.9929988363151, 55.21522105853745, 55.21522105853745, 53.43744328075957, 56.9929988363151, 56.9929988363151, 55.21522105853745, 55.21522105853745, 55.21522105853745, 58.770776614093, 53.43744328075957, 58.770776614093, 55.21522105853745, 58.770776614093, 58.770776614093, 55.21522105853745, 53.43744328075957, 55.21522105853745, 53.43744328075957, 55.21522105853745, 56.9929988363151, 55.21522105853745, 55.21522105853745, 53.43744328075957, 55.21522105853745, 58.770776614093, 56.9929988363151, 58.770776614093, 53.43744328075957, 55.21522105853745, 56.9929988363151, 56.9929988363151, 55.21522105853745, 53.43744328075957, 56.9929988363151, 58.770776614093, 53.43744328075957, 56.9929988363151, 55.21522105853745, 55.21522105853745, 58.770776614093, 55.21522105853745, 58.770776614093, 53.43744328075957, 55.21522105853745, 56.9929988363151, 58.770776614093, 55.21522105853745, 55.21522105853745, 53.43744328075957, 56.9929988363151, 55.21522105853745, 55.21522105853745, 56.9929988363151, 53.43744328075957, 53.43744328075957, 58.770776614093, 53.43744328075957, 58.770776614093, 58.770776614093, 55.21522105853745, 53.43744328075957, 56.9929988363151, 55.21522105853745, 53.43744328075957, 53.43744328075957, 56.9929988363151, 56.9929988363151, 53.43744328075957, 58.770776614093, 56.9929988363151, 55.21522105853745, 56.9929988363151, 56.9929988363151, 58.770776614093, 56.9929988363151, 55.21522105853745, 58.770776614093, 55.21522105853745, 53.43744328075957, 56.9929988363151, 53.43744328075957, 56.9929988363151, 53.43744328075957, 56.9929988363151, 53.43744328075957, 55.21522105853745, 53.43744328075957, 56.9929988363151, 58.770776614093, 56.9929988363151, 56.9929988363151, 58.770776614093, 56.9929988363151], "mean": 55.94410994742627, "std": 1.8491452813678497, "median": 55.21522105853745, "min": 53.43744328075957, "max": 58.770776614093}