{"rewards": [27.58303689028236, 28.471925779171247, 27.58303689028236, 27.58303689028236, 28.471925779171247, 29.360814668060133, 26.694148001393476, 29.360814668060133, 26.694148001393476, 27.58303689028236, 26.694148001393476, 28.471925779171247, 26.694148001393476, 29.360814668060133, 27.58303689028236, 28.471925779171247, 29.360814668060133, 29.360814668060133, 28.471925779171247, 29.360814668060133, 29.360814668060133, 29.360814668060133, 29.360814668060133, 26.694148001393476, 29.360814668060133, 27.58303689028236, 27.58303689028236, 29.360814668060133, 29.360814668060133, 27.58303689028236, 7.360814667960375, 26.694148001393476, 28.471925779171247, 28.471925779171247, 28.471925779171247, 26.694148001393476, 29.360814668060133, 28.471925779171247, 27.58303689028236, 29.360814668060133, 27.58303689028236, 26.694148001393476, 27.58303689028236, 29.360814668060133, 26.694148001393476, 29.360814668060133, 26.694148001393476, 27.58303689028236, 26.694148001393476, 29.360814668060133, 28.471925779171247, 29.360814668060133, 27.58303689028236, 28.471925779171247, 28.471925779171247, 28.471925779171247, 29.360814668060133, 28.471925779171247, 26.694148001393476, 29.360814668060133, 29.360814668060133, 28.471925779171247, 27.58303689028236, 26.694148001393476, 27.58303689028236, 28.471925779171247, 27.58303689028236, 26.694148001393476, 29.360814668060133, 28.471925779171247, 27.58303689028236, 29.360814668060133, 26.694148001393476, 26.694148001393476, 27.58303689028236, 26.694148001393476, 28.471925779171247, 29.360814668060133, 26.694148001393476, 28.471925779171247, 29.360814668060133, 28.471925779171247, 26.694148001393476, 27.58303689028236, 29.360814668060133, 26.694148001393476, 26.694148001393476, 26.694148001393476, 29.360814668060133, 28.471925779171247, 27.58303689028236, 27.58303689028236, 29.360814668060133, 28.471925779171247, 29.360814668060133, 27.58303689028236, 27.58303689028236, 27.58303689028236, 27.58303689028236, 27.58303689028236], "mean": 27.896370223614703, "std": 2.2924664597713904, "median": 28.471925779171247, "min": 7.360814667960375, "max": 29.360814668060133}