{
  "rewards": [
    12.333333333333336,
    49.33333333333336,
    51.66666666666674,
    16.00000000000001,
    19.0,
    43.00000000000002,
    8.666666666666664,
    19.33333333333333,
    11.66666666666667,
    64.00000000000013,
    13.333333333333336,
    61.33333333333342,
    14.666666666666673,
    72.66666666666674,
    68.00000000000006,
    11.000000000000002,
    68.00000000000007,
    21.999999999999996,
    75.33333333333336,
    56.000000000000064,
    68.66666666666673,
    20.333333333333325,
    46.66666666666673,
    68.66666666666671,
    20.333333333333325,
    18.000000000000004,
    43.0,
    82.00000000000003,
    68.6666666666667,
    66.66666666666679,
    15.000000000000004,
    25.666666666666657,
    57.66666666666676,
    59.00000000000011,
    19.999999999999996,
    34.333333333333314,
    68.00000000000011,
    72.66666666666663,
    64.66666666666677,
    83.33333333333329,
    65.3333333333334,
    77.33333333333329,
    58.66666666666677,
    31.333333333333318,
    66.66666666666677,
    45.666666666666735,
    67.33333333333346,
    22.33333333333333,
    62.00000000000012,
    22.33333333333332,
    74.66666666666669,
    72.00000000000009,
    71.33333333333343,
    37.66666666666668,
    82.66666666666671,
    50.33333333333341,
    76.66666666666669,
    27.33333333333332,
    13.666666666666673,
    26.333333333333332,
    71.33333333333337,
    70.33333333333341,
    77.99999999999993,
    9.333333333333332,
    73.33333333333334,
    42.000000000000014,
    66.66666666666679,
    28.999999999999968,
    37.66666666666665,
    36.333333333333336,
    21.999999999999996,
    66.00000000000009,
    18.000000000000007,
    64.66666666666676,
    17.66666666666667,
    12.000000000000005,
    11.333333333333336,
    67.33333333333341,
    51.66666666666674,
    15.333333333333337,
    74.00000000000003,
    30.666666666666654,
    72.66666666666669,
    64.0000000000001,
    62.000000000000135,
    11.333333333333337,
    71.33333333333336,
    66.6666666666668,
    62.66666666666678,
    30.666666666666625,
    37.33333333333333,
    13.666666666666666,
    61.66666666666675,
    80.6666666666667,
    60.00000000000013,
    70.0000000000001,
    67.33333333333344,
    67.33333333333346,
    62.00000000000012,
    59.00000000000012
  ],
  "mean": 47.97333333333336,
  "std": 23.570069532731104,
  "median": 58.166666666666764,
  "min": 8.666666666666664,
  "max": 83.33333333333329,
  "algorithm": "ppo"
}