{"rewards": [29.234515120837226, 29.234515120837226, 29.234515120837226, 29.234515120837226, 29.234515120837226, 27.81747631986856, 29.234515120837226, 27.22199635392247, 27.954405154871115, 29.234515120837226, 29.234515120837226, 29.234515120837226, 27.171996353922466, 27.141221280317907, 28.56908685793053, 29.234515120837226, 27.171996353922466, 29.234515120837226, 26.971996353922467, 29.234515120837226, 27.76747631986856, 27.81747631986856, 29.234515120837226, 29.234515120837226, 29.234515120837226, 29.234515120837226, 27.085067518919914, 29.234515120837226, 29.234515120837226, 27.588976891964414, 28.004405154871115, 27.86747631986856, 29.234515120837226, 29.234515120837226, 29.234515120837226, 27.171996353922466, 27.171996353922466, 29.234515120837226, 27.141221280317907, 29.234515120837226, 29.234515120837226, 28.43451512083723, 29.234515120837226, 29.234515120837226, 27.171996353922466, 27.954405154871115, 29.234515120837226, 27.141221280317907, 29.234515120837226, 29.234515120837226, 29.234515120837226, 27.725905726966968, 29.234515120837226, 29.234515120837226, 29.234515120837226, 26.971996353922467, 29.234515120837226, 27.171996353922466, 29.234515120837226, 29.184515120837226, 27.81747631986856, 29.234515120837226, 27.171996353922466, 26.971996353922467, 28.584515120837235, 29.234515120837226, 29.234515120837226, 27.171996353922466, 29.234515120837226, 27.171996353922466, 27.141221280317907, 29.234515120837226, 29.234515120837226, 28.48451512083723, 29.234515120837226, 27.141221280317907, 27.588976891964414, 26.439303329479593, 27.538976891964413, 28.004405154871115, 29.234515120837226, 29.234515120837226, 27.171996353922466, 28.584515120837235, 27.954405154871115, 29.234515120837226, 29.234515120837226, 27.22199635392247, 29.234515120837226, 27.171996353922466, 27.954405154871115, 29.234515120837226, 28.48451512083723, 28.004405154871115, 29.234515120837226, 28.93451512083723, 29.234515120837226, 29.234515120837226, 28.48451512083723, 27.171996353922466], "mean": 28.447209483402986, "std": 0.907062982567612, "median": 29.234515120837226, "min": 26.439303329479593, "max": 29.234515120837226}