{"rewards": [28.869086857930526, 28.869086857930526, 28.869086857930526, 26.85585754197546, 28.219086857930527, 28.869086857930526, 28.519086857930528, 28.519086857930528, 28.869086857930526, 26.955857541975455, 28.519086857930528, 26.955857541975455, 28.219086857930527, 28.869086857930526, 26.905857541975458, 28.869086857930526, 26.905857541975458, 28.219086857930527, 26.905857541975458, 28.219086857930527, 26.955857541975455, 26.75585754197546, 28.219086857930527, 28.869086857930526, 28.869086857930526, 28.519086857930528, 28.219086857930527, 28.219086857930527, 26.905857541975458, 26.85585754197546, 28.869086857930526, 28.869086857930526, 26.85585754197546, 28.219086857930527, 28.519086857930528, 26.906568091015767, 28.869086857930526, 28.869086857930526, 26.905857541975458, 26.905857541975458, 26.75585754197546, 28.869086857930526, 28.519086857930528, 28.869086857930526, 27.005857541975455, 28.869086857930526, 26.905857541975458, 28.869086857930526, 26.955857541975455, 26.75585754197546, 28.219086857930527, 26.75585754197546, 26.906568091015767, 26.905857541975458, 26.75585754197546, 26.75585754197546, 26.75585754197546, 28.869086857930526, 28.519086857930528, 26.75585754197546, 26.906568091015767, 28.869086857930526, 28.519086857930528, 28.219086857930527, 28.219086857930527, 28.096911518474332, 28.869086857930526, 28.31908685793053, 28.04691151847433, 26.75585754197546, 26.905857541975458, 28.869086857930526, 28.869086857930526, 28.469086857930527, 26.75585754197546, 28.869086857930526, 26.550032834337184, 26.75585754197546, 28.869086857930526, 27.910074354722042, 26.75585754197546, 28.219086857930527, 28.869086857930526, 28.869086857930526, 28.869086857930526, 28.869086857930526, 26.75585754197546, 28.0148236652421, 26.855857541975457, 28.219086857930527, 27.005857541975452, 26.75585754197546, 26.75585754197546, 28.869086857930526, 27.055857541975453, 28.869086857930526, 28.869086857930526, 28.469086857930527, 28.869086857930526, 26.905857541975458], "mean": 27.901181937195233, "std": 0.8937512140320331, "median": 28.219086857930527, "min": 26.550032834337184, "max": 28.869086857930526}